"","Est.","SE","95% LCI","95% UCI"
"Whole Data",0.337821533413979,0.354055012378207,-0.35611353939319,1.03175660622115
"Complete Case",0.272445119300892,0.36354581184154,-0.4400915786389,0.984981817240685
"Method 1A",0.360469350235606,0.346129642587929,-0.317932283218457,1.03887098368967
"Method 1B",0.365135907014281,0.183705939428202,0.00507888198890732,0.725192932039654
"Method 2",0.393549842616934,0.133509775101486,0.131875491833979,0.65522419339989
"Method 3",0.330442313109942,0.149309493690105,0.0378010829274257,0.623083543292458
