"","Est.","95% LCI","95% UCI"
"Whole Data",0.260037798408021,-0.0124220973478918,0.532497694163933
"Complete Case",0.255787563392095,-0.232914403197779,0.744489529981969
"Method 1A",0.264764026169214,-0.43822932345898,0.967757375797408
"Method 1B",0.282301582652677,-0.422690645022669,0.987293810328023
"Method 2",0.331067620304046,0.106983449270019,0.555151791338072
"Method 3",0.273168343059231,0.0515603472263657,0.494776338892096
